{
  "WEB/videos/gaQwC5QbLeQ.31.mp4": 10.680998,
  "WEB/videos/LGgaMq1eZGw.52.mp4": 12.866667,
  "EGO/videos/478d7fa4-b174-4266-b0ff-bd180ba0b806-2880-3240.mp4": 360.166667,
  "EGO/videos/cc575a16-64fd-4cda-9248-5d85f506fdfd-720-1080.mp4": 360.166667,
  "TV/videos/house_frames=house_s02e17_seg02_clip_27.mp4": 8.666667,
  "TV/videos/house_frames=house_s05e24_seg02_clip_25.mp4": 27.666667,
  "VAD/videos/Explosion016_x264.mp4": 32.136009,
  "VAD/videos/Shooting034_x264.mp4": 47.046009
}