{
  "bucket_labels": [
    "0-10s",
    "10-30s",
    "30-60s",
    "1-2m",
    "2-5m",
    "5-10m",
    "10-20m",
    "20m+"
  ],
  "bucket_ranges": [
    [
      0,
      10
    ],
    [
      10,
      30
    ],
    [
      30,
      60
    ],
    [
      60,
      120
    ],
    [
      120,
      300
    ],
    [
      300,
      600
    ],
    [
      600,
      1200
    ],
    [
      1200,
      null
    ]
  ],
  "per_task": {
    "WEB": {
      "unit": "per-sample video duration",
      "stats": {
        "n": 500,
        "min": 10.043366666666667,
        "p25": 12.278933333333333,
        "median": 15.048366666666666,
        "mean": 16.58533014837698,
        "p75": 19.566666666666666,
        "p90": 24.44,
        "max": 38.00463333333333,
        "sum": 8292.66507418849,
        "counts": [
          0,
          483,
          17,
          0,
          0,
          0,
          0,
          0
        ]
      },
      "n_samples": 500
    },
    "EGO": {
      "unit": "per-sample video duration",
      "stats": {
        "n": 326,
        "min": 360.0,
        "p25": 360.1666666666667,
        "median": 360.1666666666667,
        "mean": 360.16564417177915,
        "p75": 360.1666666666667,
        "p90": 360.1666666666667,
        "max": 360.1666666666667,
        "sum": 117414.0,
        "counts": [
          0,
          0,
          0,
          0,
          0,
          326,
          0,
          0
        ]
      },
      "n_samples": 326
    },
    "TV": {
      "unit": "per-sample video duration",
      "stats": {
        "n": 500,
        "min": 8.666666666666666,
        "p25": 60.666666666666664,
        "median": 64.66666666666667,
        "mean": 75.57466666666667,
        "p75": 90.66666666666667,
        "p90": 93.66666666666667,
        "max": 179.66666666666666,
        "sum": 37787.333333333336,
        "counts": [
          1,
          1,
          102,
          386,
          10,
          0,
          0,
          0
        ]
      },
      "n_samples": 500
    },
    "VAD": {
      "unit": "per-sample video duration",
      "stats": {
        "n": 101,
        "min": 30.6,
        "p25": 48.1,
        "median": 71.63333333333334,
        "mean": 121.02772277227722,
        "p75": 121.0,
        "p90": 276.23333333333335,
        "max": 722.7,
        "sum": 12223.8,
        "counts": [
          0,
          0,
          42,
          31,
          20,
          7,
          1,
          0
        ]
      },
      "n_samples": 101
    }
  },
  "overall": {
    "total_samples": 1427,
    "total_tasks": 4,
    "stats": {
      "n": 1427,
      "min": 8.666666666666666,
      "p25": 18.9189,
      "median": 61.666666666666664,
      "mean": 123.13791058691088,
      "p75": 129.66666666666666,
      "p90": 360.1666666666667,
      "max": 722.7,
      "sum": 175717.79840752183,
      "counts": [
        1,
        484,
        161,
        417,
        30,
        333,
        1,
        0
      ]
    }
  }
}