{
  "bucket_labels": [
    "0-10s",
    "10-30s",
    "30-60s",
    "1-2m",
    "2-5m",
    "5-10m",
    "10-20m",
    "20m+"
  ],
  "bucket_ranges": [
    [
      0,
      10
    ],
    [
      10,
      30
    ],
    [
      30,
      60
    ],
    [
      60,
      120
    ],
    [
      120,
      300
    ],
    [
      300,
      600
    ],
    [
      600,
      1200
    ],
    [
      1200,
      null
    ]
  ],
  "per_task": {
    "WEB": {
      "unit": "per-sample video duration",
      "stats": {
        "n": 500,
        "min": 10.043366666666667,
        "p25": 12.278933333333333,
        "median": 15.048366666666666,
        "mean": 16.58533014837698,
        "p75": 19.566666666666666,
        "p90": 24.44,
        "max": 38.00463333333333,
        "sum": 8292.66507418849,
        "counts": [
          0,
          483,
          17,
          0,
          0,
          0,
          0,
          0
        ]
      },
      "n_samples": 500,
      "n_unique_videos": 500,
      "total_responses": 1328,
      "resp_labels": [
        "1",
        "2",
        "3",
        "4",
        "5",
        "6-10",
        "11-20",
        "21+"
      ],
      "resp_counts": [
        50,
        230,
        124,
        52,
        29,
        15,
        0,
        0
      ],
      "type_counts": {},
      "reply_span_stats": {
        "n": 1328,
        "min": 1.0381000000000036,
        "p25": 3.09,
        "median": 4.44,
        "mean": 5.506456636913462,
        "p75": 6.57,
        "p90": 10.27,
        "max": 29.09,
        "sum": 7312.5744138210775,
        "counts": [
          1184,
          144,
          0,
          0,
          0,
          0,
          0,
          0
        ]
      }
    },
    "EGO": {
      "unit": "per-sample video duration",
      "stats": {
        "n": 326,
        "min": 360.0,
        "p25": 360.1666666666667,
        "median": 360.1666666666667,
        "mean": 360.16564417177915,
        "p75": 360.1666666666667,
        "p90": 360.1666666666667,
        "max": 360.1666666666667,
        "sum": 117414.0,
        "counts": [
          0,
          0,
          0,
          0,
          0,
          326,
          0,
          0
        ]
      },
      "n_samples": 326,
      "n_unique_videos": 326,
      "total_responses": 1575,
      "resp_labels": [
        "1",
        "2",
        "3",
        "4",
        "5",
        "6-10",
        "11-20",
        "21+"
      ],
      "resp_counts": [
        17,
        45,
        66,
        62,
        32,
        87,
        17,
        0
      ],
      "type_counts": {
        "step": 381,
        "substep": 1168,
        "substep-merged-merged": 2,
        "substep-merged": 12,
        "substep-merged-merged-merged-merged-merged-merged": 1,
        "step-merged": 8,
        "substep-merged-merged-merged": 1,
        "step-merged-merged-merged-merged-merged-merged": 1,
        "step-merged-merged": 1
      },
      "reply_span_stats": {
        "n": 1575,
        "min": 1.8299999999999983,
        "p25": 8.789999999999992,
        "median": 16.310000000000002,
        "mean": 27.19782222222222,
        "p75": 34.96000000000001,
        "p90": 58.859999999999985,
        "max": 267.81,
        "sum": 42836.57,
        "counts": [
          473,
          643,
          309,
          112,
          38,
          0,
          0,
          0
        ]
      }
    },
    "TV": {
      "unit": "per-sample video duration",
      "stats": {
        "n": 500,
        "min": 8.666666666666666,
        "p25": 60.666666666666664,
        "median": 64.66666666666667,
        "mean": 75.57466666666667,
        "p75": 90.66666666666667,
        "p90": 93.66666666666667,
        "max": 179.66666666666666,
        "sum": 37787.333333333336,
        "counts": [
          1,
          1,
          102,
          386,
          10,
          0,
          0,
          0
        ]
      },
      "n_samples": 500,
      "n_unique_videos": 450,
      "total_responses": 500,
      "resp_labels": [
        "1",
        "2",
        "3",
        "4",
        "5",
        "6-10",
        "11-20",
        "21+"
      ],
      "resp_counts": [
        500,
        0,
        0,
        0,
        0,
        0,
        0,
        0
      ],
      "type_counts": {},
      "reply_span_stats": {
        "n": 500,
        "min": 1.88,
        "p25": 6.33,
        "median": 9.280000000000001,
        "mean": 12.085899999999999,
        "p75": 13.92,
        "p90": 22.71,
        "max": 68.04,
        "sum": 6042.95,
        "counts": [
          281,
          188,
          30,
          1,
          0,
          0,
          0,
          0
        ]
      }
    },
    "VAD": {
      "unit": "per-sample video duration",
      "stats": {
        "n": 101,
        "min": 30.6,
        "p25": 48.1,
        "median": 71.63333333333334,
        "mean": 121.02772277227722,
        "p75": 121.0,
        "p90": 276.23333333333335,
        "max": 722.7,
        "sum": 12223.8,
        "counts": [
          0,
          0,
          42,
          31,
          20,
          7,
          1,
          0
        ]
      },
      "n_samples": 101,
      "n_unique_videos": 101,
      "total_responses": 107,
      "resp_labels": [
        "1",
        "2",
        "3",
        "4",
        "5",
        "6-10",
        "11-20",
        "21+"
      ],
      "resp_counts": [
        95,
        6,
        0,
        0,
        0,
        0,
        0,
        0
      ],
      "type_counts": {},
      "reply_span_stats": {
        "n": 107,
        "min": 2.0,
        "p25": 5.67,
        "median": 10.0,
        "mean": 17.96140186915888,
        "p75": 17.67,
        "p90": 55.33,
        "max": 105.0,
        "sum": 1921.8700000000001,
        "counts": [
          53,
          37,
          10,
          7,
          0,
          0,
          0,
          0
        ]
      }
    }
  },
  "overall": {
    "total_samples": 1427,
    "total_tasks": 4,
    "stats": {
      "n": 1427,
      "min": 8.666666666666666,
      "p25": 18.9189,
      "median": 61.666666666666664,
      "mean": 123.13791058691088,
      "p75": 129.66666666666666,
      "p90": 360.1666666666667,
      "max": 722.7,
      "sum": 175717.79840752183,
      "counts": [
        1,
        484,
        161,
        417,
        30,
        333,
        1,
        0
      ]
    }
  }
}